Model,R2_Score,MSE,Training_Time
Baseline Model,0.9121846294352439,9.15320764594167,0.028578758239746094
Optimized Model,0.8495069064175347,15.68625772437703,0.003510713577270508
